{"QRxaPC5sKJUL+Xh3n5ilfA==":"popcorn-cinema-film-reel-clip-art-popcorn-122x80.jpg","WfrieCT6Ti9Fz8EHqKXkOw==":"236-2366765_popcorn-and-film-ver-filme-em-cinema-186x106.png","9WndNpDdMyMdxy7TfRNAxQ==":"mbr-214x214.jpg","mLbdt6kWmv9dLQdY9fwyOA==":"mbr-122x183.jpg","qeaVMjAQhUHEMQvayRlBCg==":"edesh0gu4auto3p-607x900.jpg","zKdeevtEMfe7GfIoUJlAmg==":"mv5bzjg0mwexyjqtngq5os00m2zkltg0njitzjllowi1ytrjzme5xkeyxkfqcgdeqxvynjg2njqwmdq@._v1_sy1000_cr0,0,631,1000_al_-631x1000.jpg","o6cWkZBUbtk9qMn78kNLHw==":"mv5bytjlnjlkztktnjewos00nzi5ltlkndatzmewzdfmymm2mju2xkeyxkfqcgdeqxvynjg2njqwmdq@._v1_sy1000_cr0,0,674,1000_al_-674x1000.jpg","W60M5cEU4SyEVp2D9w8B5g==":"800px_colourbox11019817-800x528.jpg","c8OLde8Qf25oAuJxNiJN9A==":"800px_colourbox11019817-800x528.jpeg","vl5PdgWEZq0mKRdam4GxsQ==":"mbr-1-122x183.jpg"}